{"meta": {"args": {"-db-root": "/home/ryedida/smoothness-hpo/bbo_challenge_starter_kit/output", "--opt-root": "/home/ryedida/smoothness-hpo/bbo_challenge_starter_kit", "--db": "run_20241104_030610", "--jobs-file": null, "--verbose": true, "dry_run": false, "rev": "a376313", "opt_rev": null}, "signature": {"MLP-adam_diabetes_mae": [151.4971925284302, 151.42763536179643, 151.47026298665583, 136.86202152016506, 75.20560370525571], "MLP-adam_diabetes_mse": [29083.993545313322, 29062.42327338959, 29075.789873227717, 24626.326889525913, 9584.229334588856]}},
"data": {"coords": {"iter": {"dims": ["iter"], "attrs": {}, "data": [0, 1, 2, 3, 4, 5, 6, 7, 8, 9, 10, 11, 12, 13, 14]}, "optimizer": {"dims": ["optimizer"], "attrs": {}, "data": ["dehb_0.0.8_a376313"]}, "function": {"dims": ["function"], "attrs": {}, "data": ["MLP-adam_diabetes_mae", "MLP-adam_diabetes_mse"]}, "objective": {"dims": ["objective"], "attrs": {}, "data": ["_visible_to_opt", "generalization"]}}, "attrs": {}, "dims": {"iter": 15, "optimizer": 1, "function": 2, "objective": 2}, "data_vars": {"median": {"dims": ["iter", "optimizer", "function", "objective"], "attrs": {}, "data": [[[[123.8391153042246, 118.40241694942746], [26269.335265773254, 26028.05288490603]]], [[[48.491262936307486, 47.28575150281181], [4962.875867592989, 4258.344235541619]]], [[[47.14363462870453, 47.21503858998217], [3434.087398781702, 3440.714764162829]]], [[[45.58580902307218, 46.666496271265906], [3422.0478735550837, 3387.498053711032]]], [[[44.88524614953322, 46.65515038813854], [3422.0478735550837, 3361.588054679828]]], [[[44.74397276689768, 46.21990139899362], [3057.0306333200456, 3387.498053711032]]], [[[44.74397276689768, 46.327737205023034], [3034.016898048467, 3387.498053711032]]], [[[44.74397276689768, 46.022460622966435], [2985.052034152725, 3387.498053711032]]], [[[44.45597646626262, 46.022460622966435], [2985.052034152725, 3395.675529422198]]], [[[44.45597646626262, 45.825443394081915], [2984.311870523305, 3395.675529422198]]], [[[44.41624681941315, 45.85123273525361], [2984.311870523305, 3395.4309539396995]]], [[[44.382987050787584, 45.85123273525361], [2949.257198840831, 3395.4309539396995]]], [[[44.14801478799261, 46.12540023808133], [2944.676881237272, 3387.498053711032]]], [[[44.14801478799261, 46.12540023808133], [2936.2904622046863, 3387.498053711032]]], [[[44.14801478799261, 46.12540023808133], [2935.633184659664, 3387.498053711032]]]]}, "median LB": {"dims": ["iter", "optimizer", "function", "objective"], "attrs": {}, "data": [[[[46.48518572882333, 46.666496271265906], [3434.087398781702, 3395.675529422198]]], [[[44.88524614953322, 46.42926129617715], [3434.087398781702, 3395.675529422198]]], [[[44.86130949910999, 46.423151899773245], [3057.0306333200456, 3337.92788199018]]], [[[44.74397276689768, 46.022460622966435], [3029.389570842803, 3330.1544348820653]]], [[[44.45597646626262, 45.969629493510055], [3029.389570842803, 3317.9977693279075]]], [[[44.29058005792068, 45.77249660743434], [2924.734606268475, 3344.3613954426255]]], [[[44.16454067012161, 45.77249660743434], [2924.734606268475, 3344.3613954426255]]], [[[44.16454067012161, 45.64144005243625], [2918.480127228688, 3361.588054679828]]], [[[44.14801478799261, 45.77249660743434], [2918.480127228688, 3361.588054679828]]], [[[44.14801478799261, 45.59636221684628], [2918.480127228688, 3372.4047651210944]]], [[[44.136570334268455, 45.59636221684628], [2918.480127228688, 3361.588054679828]]], [[[44.136570334268455, 45.59636221684628], [2918.480127228688, 3335.125355284182]]], [[[43.9876860823117, 45.78442997032834], [2918.480127228688, 3326.9843947365234]]], [[[43.9876860823117, 45.78442997032834], [2918.480127228688, 3326.9843947365234]]], [[[43.9876860823117, 45.78442997032834], [2912.7803175123913, 3326.9843947365234]]]]}, "median UB": {"dims": ["iter", "optimizer", "function", "objective"], "attrs": {}, "data": [[[[150.17223557452354, 152.51419146057322], [29045.58339846662, 28788.094852641247]]], [[[125.22489250921808, 118.40241694942746], [28640.552505911248, 28561.273232302596]]], [[[54.64393033712836, 48.81473994697631], [8146.16572324927, 8801.194841547933]]], [[[52.74629593289848, 47.28575150281181], [3889.6020214637174, 3842.960449727557]]], [[[49.84372462640205, 47.28575150281181], [3889.6020214637174, 3627.2330684794956]]], [[[48.05451551810304, 47.28575150281181], [3633.642723855281, 3506.378393574657]]], [[[48.05451551810304, 47.28575150281181], [3270.381195332948, 3543.1862955581773]]], [[[48.05451551810304, 46.88256375951161], [3057.0306333200456, 3506.378393574657]]], [[[45.335350119240196, 46.88256375951161], [3045.220429723004, 3506.378393574657]]], [[[44.79153980710983, 46.65515038813854], [3045.220429723004, 3458.114495849238]]], [[[44.79153980710983, 46.327737205023034], [3045.220429723004, 3456.1667490198492]]], [[[44.74397276689768, 46.327737205023034], [3045.220429723004, 3427.2512764168373]]], [[[44.66928108446858, 46.48444729372873], [3034.016898048467, 3427.2512764168373]]], [[[44.66928108446858, 46.48444729372873], [3008.570366400964, 3413.8465134473536]]], [[[44.66928108446858, 46.455564471345994], [2975.709951688144, 3413.8465134473536]]]]}, "median normed": {"dims": ["iter", "optimizer", "function", "objective"], "attrs": {}, "data": [[[[0.8130013780484262, 0.745283008904487], [0.9285778263309216, 0.9687599088431346]]], [[[0.411662070355039, 0.5090555326998242], [1.49158736980298, 2.229713670583055]]], [[[0.37998568893910184, 0.8000340122124702], [0.4890132202779765, 0.6145876311464801]]], [[[0.2802908319518554, 0.9168376747018774], [0.7114101130491535, 0.663021186584155]]], [[[0.19970123147548544, 1.1488915485212925], [0.9121156545338488, 0.6887445237106108]]], [[[0.1987111150895886, 1.0006937674015295], [0.4726511872746351, 0.9606027803729311]]], [[[0.33702030279373096, 1.1276320258704533], [0.5339637355546113, 1.053061238604896]]], [[[0.39441227761588094, 1.1752669966348541], [0.6047730914739752, 1.2342333191286516]]], [[[0.32354713338229724, 1.1952448663063187], [0.6787536795055465, 1.5481489564932256]]], [[[0.3250685160333465, 1.2077985802539346], [0.6947696139474622, 1.6515399580007648]]], [[[0.35637915345362375, 1.2981347742992742], [0.8870179195656283, 1.6616951134325548]]], [[[0.3456005603931011, 1.5624289036329486], [0.820286601386223, 1.9799087210044009]]], [[[0.5063543079488534, 1.990982300699138], [0.7884338856257245, 1.9156141295743967]]], [[[0.5063543079488534, 1.990982300699138], [0.72982106773159, 1.9156141295743967]]], [[[0.51366476512862, 2.1136257418283], [0.7930956875568629, 2.041007424138707]]]]}, "mean": {"dims": ["iter", "optimizer", "function", "objective"], "attrs": {}, "data": [[[[97.46853303689079, 97.81133417047695], [16866.05243040867, 16246.51177709281]]], [[[75.05278466680947, 74.63962200184172], [14427.194742377682, 14208.841581156066]]], [[[66.75540600416313, 66.3230558444896], [8477.773435847574, 8655.986551300259]]], [[[52.577626041008195, 51.713420169987366], [5011.905488921532, 5357.072872665844]]], [[[52.08948451853961, 51.63992723402994], [4604.801430538582, 5077.721041084426]]], [[[51.41492404102134, 51.51044874079413], [3761.438959634772, 3923.7770596626788]]], [[[49.433872121234074, 49.67435555125903], [3638.3483603139366, 3908.0892744706553]]], [[[47.446147481701345, 46.76245856000262], [3083.8234028334127, 3450.0381871032287]]], [[[47.05205715248516, 46.85554304945453], [3077.114870825517, 3454.60592344267]]], [[[46.29138006917338, 46.514538698812295], [3059.774576905694, 3435.0032703273564]]], [[[44.96892888728791, 46.19367837781098], [3053.8162732532605, 3423.5923967894278]]], [[[44.70741003703135, 46.122116957371915], [3047.916917833124, 3407.5537399209993]]], [[[44.63967236612258, 46.229924596247216], [3011.7200065293264, 3406.0724853498823]]], [[[44.63967236612258, 46.229924596247216], [2993.1501028295597, 3396.272062513176]]], [[[44.40397970348781, 46.0780192751596], [2948.838143373408, 3398.698447693976]]]]},