{"meta": {"args": {"-db-root": "/home/ryedida/smoothness-hpo/bbo_challenge_starter_kit/output", "--opt-root": "/home/ryedida/smoothness-hpo/bbo_challenge_starter_kit", "--db": "run_20241104_034646", "--jobs-file": null, "--verbose": true, "dry_run": false, "rev": "a376313", "opt_rev": null}, "signature": {"MLP-adam_iris_acc": [-0.4697878787878788, -0.27709090909090905, -0.3015, -0.7070757575757576, -0.8960757575757576], "MLP-adam_iris_nll": [1.317482197932888, 1.6729301668241547, 1.342227737869588, 0.9532136449269397, 0.48636461085647414]}},
"data": {"coords": {"iter": {"dims": ["iter"], "attrs": {}, "data": [0, 1, 2, 3, 4, 5, 6, 7, 8, 9, 10, 11, 12, 13, 14]}, "optimizer": {"dims": ["optimizer"], "attrs": {}, "data": ["dehb_0.0.8_a376313"]}, "function": {"dims": ["function"], "attrs": {}, "data": ["MLP-adam_iris_acc", "MLP-adam_iris_nll"]}, "objective": {"dims": ["objective"], "attrs": {}, "data": ["_visible_to_opt", "generalization"]}}, "attrs": {}, "dims": {"iter": 15, "optimizer": 1, "function": 2, "objective": 2}, "data_vars": {"median": {"dims": ["iter", "optimizer", "function", "objective"], "attrs": {}, "data": [[[[-0.725, -0.8333333333333334], [1.1190998100008671, 1.0308113688625318]]], [[[-0.8, -0.8333333333333334], [0.7911516242695977, 0.5708023254009957]]], [[[-0.9166666666666666, -0.9333333333333333], [0.42828160976941776, 0.36031199162827815]]], [[[-0.9166666666666666, -0.9666666666666667], [0.399071445240984, 0.33074088811001573]]], [[[-0.925, -0.9666666666666667], [0.3822069581531641, 0.3066006216541162]]], [[[-0.9333333333333333, -0.9666666666666667], [0.3822069581531641, 0.30958065026186804]]], [[[-0.95, -0.9666666666666667], [0.3801924885926641, 0.30958065026186804]]], [[[-0.95, -1.0], [0.35708101888750604, 0.3066006216541162]]], [[[-0.95, -1.0], [0.35708101888750604, 0.3096981873666274]]], [[[-0.95, -1.0], [0.3514803795596807, 0.2894890210272154]]], [[[-0.95, -1.0], [0.3514803795596807, 0.2824902182469972]]], [[[-0.9583333333333333, -1.0], [0.34079204191408957, 0.2894890210272154]]], [[[-0.9583333333333334, -1.0], [0.34049684802832614, 0.2894890210272154]]], [[[-0.9583333333333334, -1.0], [0.3126754952576708, 0.289947342406349]]], [[[-0.9583333333333334, -1.0], [0.3126754952576708, 0.2894890210272154]]]]}, "median LB": {"dims": ["iter", "optimizer", "function", "objective"], "attrs": {}, "data": [[[[-0.9083333333333334, -0.9666666666666667], [0.5626780272299511, 0.5145835586483893]]], [[[-0.9166666666666666, -0.9666666666666667], [0.43772729900016427, 0.3328615911829122]]], [[[-0.925, -1.0], [0.35052018412031183, 0.2894890210272154]]], [[[-0.9333333333333332, -1.0], [0.3465416698854989, 0.2836011038224619]]], [[[-0.95, -1.0], [0.34079204191408957, 0.2836011038224619]]], [[[-0.95, -1.0], [0.34079204191408957, 0.2894890210272154]]], [[[-0.9583333333333333, -1.0], [0.30718303627539056, 0.2894890210272154]]], [[[-0.9583333333333333, -1.0], [0.30718303627539056, 0.2824902182469972]]], [[[-0.9583333333333334, -1.0], [0.30718303627539056, 0.2894890210272154]]], [[[-0.9583333333333334, -1.0], [0.30718303627539056, 0.25631553780419586]]], [[[-0.9583333333333334, -1.0], [0.30718303627539056, 0.25631553780419586]]], [[[-0.9666666666666666, -1.0], [0.30718303627539056, 0.2602221236586627]]], [[[-0.9666666666666668, -1.0], [0.30718303627539056, 0.25631553780419586]]], [[[-0.9666666666666668, -1.0], [0.30027086713332696, 0.2722138651240989]]], [[[-0.9666666666666668, -1.0], [0.30027086713332696, 0.25631553780419586]]]]}, "median UB": {"dims": ["iter", "optimizer", "function", "objective"], "attrs": {}, "data": [[[[-0.4916666666666667, -0.5], [1.4224234102412479, 1.2898208237547155]]], [[[-0.5416666666666667, -0.5], [1.1984754714149772, 1.2310821756553318]]], [[[-0.7166666666666666, -0.5666666666666667], [0.7563085439162462, 0.6591790353482379]]], [[[-0.725, -0.7], [0.5539414381823394, 0.4346333821229358]]], [[[-0.8333333333333334, -0.7333333333333333], [0.5539414381823394, 0.5708023254009957]]], [[[-0.875, -0.7666666666666667], [0.5539414381823394, 0.46786696180054277]]], [[[-0.925, -0.9666666666666667], [0.5222173095021543, 0.46786696180054277]]], [[[-0.9333333333333332, -0.9666666666666667], [0.4261377187223232, 0.46786696180054277]]], [[[-0.9333333333333332, -0.9666666666666667], [0.4261377187223232, 0.49196471027339456]]], [[[-0.9416666666666668, -0.9666666666666667], [0.39034104767526756, 0.46786696180054277]]], [[[-0.9416666666666668, -0.9666666666666667], [0.39034104767526756, 0.3794423440689037]]], [[[-0.95, -0.9666666666666667], [0.39034104767526756, 0.46786696180054277]]], [[[-0.95, -0.9666666666666667], [0.39034104767526756, 0.46786696180054277]]], [[[-0.95, -0.9666666666666667], [0.35708101888750604, 0.3794423440689037]]], [[[-0.95, -0.9666666666666667], [0.35708101888750604, 0.37110500943843167]]]]}, "median normed": {"dims": ["iter", "optimizer", "function", "objective"], "attrs": {}, "data": [[[[0.8501145304258035, 0.4166666666699047], [1.536971657418687, 1.2085521599419942]]], [[[1.9621236646049685, 4.9999999997335465], [1.9306078770137138, 1.4885219062692392]]], [[[1.3090586145581282, 30023997516.803303], [1.0183280906200427, 1.053454063910212]]], [[[2.0045330915350923, 15011998758.901651], [0.9507343089638469, 1.0973592798633338]]], [[[1.7728937728678453, 15011998758.901651], [0.9927612687004341, 1.1017876794168149]]], [[[1.5567010309087224, 15011998758.901651], [1.1241004489867206, 1.1950037605301809]]], [[[1.2697142857029973, 15011998758.901651], [1.1623601064098885, 1.2778915162973032]]], [[[1.324195470784415, 1.0], [1.1055801743541716, 1.363353482112829]]], [[[1.324195470784415, 1.0], [1.1058399798275655, 1.3846519691842527]]], [[[1.324195470784415, 1.0], [1.0892677189577795, 1.3106981043879835]]], [[[1.3648648648484438, 1.0], [1.0930922261942904, 1.360341618476772]]], [[[1.3933333333093143, 1.0], [1.0307569143488147, 1.6213581135695565]]], [[[1.4539130434493477, 1.0], [1.0619403425959446, 1.6351864437827377]]], [[[1.4539130434493477, 1.0], [0.8906842015536343, 1.6384382814697454]]], [[[1.4822695035147773, 1.0], [0.9146498350558145, 1.8492460915149835]]]]}, "mean": {"dims": ["iter", "optimizer", "function", "objective"], "attrs": {}, "data": [[[[-0.788030303030303, -0.7883333333333333], [0.6900251546258344, 0.6981129732123117]]], [[[-0.8007045454545454, -0.8], [0.6275703796912266, 0.6096647460193192]]], [[[-0.8235984848484849, -0.82], [0.5131816874308038, 0.4670577065910887]]], [[[-0.8450454545454547, -0.8516666666666666], [0.4780872755209525, 0.4207456873081877]]], [[[-0.8758560606060606, -0.8699999999999999], [0.46417602180970885, 0.4377255968378809]]], [[[-0.8924999999999998, -0.8883333333333333], [0.450784557733782, 0.42302626389450027]]], [[[-0.9041666666666666, -0.9016666666666667], [0.4274693413195302, 0.42543952362372817]]], [[[-0.9266666666666665, -0.93], [0.4011485704304393, 0.3915631804389905]]], [[[-0.9279166666666667, -0.9316666666666666], [0.38479715444588375, 0.41595080516136296]]], [[[-0.9299999999999999, -0.9283333333333333], [0.35890196808247316, 0.36506104203559586]]], [[[-0.9299999999999999, -0.9283333333333333], [0.35706842560505037, 0.3405234509072733]]], [[[-0.9420833333333333, -0.9550000000000001], [0.35508083939932006, 0.35811540047210266]]], [[[-0.9458333333333334, -0.97], [0.3523922685411445, 0.35705135065127325]]], [[[-0.9466666666666667, -0.9683333333333334], [0.33128703275638066, 0.34684674323963754]]], [[[-0.9466666666666667, -0.9683333333333334], [0.3305458691913435, 0.3323699099191085]]]]}, "mean LB": {"dims": ["iter", "optimizer", "function", "objective"], "attrs": {},