{"meta": {"args": {"-db-root": "/home/ryedida/smoothness-hpo/bbo_challenge_starter_kit/output", "--opt-root": "/home/ryedida/smoothness-hpo/bbo_challenge_starter_kit", "--db": "run_20241104_040724", "--jobs-file": null, "--verbose": true, "dry_run": false, "rev": "a376313", "opt_rev": null}, "signature": {"MLP-adam_wine_acc": [-0.4359605911330049, -0.3169950738916256, -0.3312807881773399, -0.6620689655172413, -0.5017241379310344], "MLP-adam_wine_nll": [15.791973883233755, 22.814076661433937, 19.482978506290248, 3.420921725176257, 14.926839962236205]}},
"data": {"coords": {"iter": {"dims": ["iter"], "attrs": {}, "data": [0, 1, 2, 3, 4, 5, 6, 7, 8, 9, 10, 11, 12, 13, 14]}, "optimizer": {"dims": ["optimizer"], "attrs": {}, "data": ["dehb_0.0.8_a376313"]}, "function": {"dims": ["function"], "attrs": {}, "data": ["MLP-adam_wine_acc", "MLP-adam_wine_nll"]}, "objective": {"dims": ["objective"], "attrs": {}, "data": ["_visible_to_opt", "generalization"]}}, "attrs": {}, "dims": {"iter": 15, "optimizer": 1, "function": 2, "objective": 2}, "data_vars": {"median": {"dims": ["iter", "optimizer", "function", "objective"], "attrs": {}, "data": [[[[-0.508128078817734, -0.6111111111111112], [9.657948730451414, 1.8772196313516423]]], [[[-0.6133004926108374, -0.7222222222222222], [4.219095923978149, 1.3030917833961213]]], [[[-0.6694581280788177, -0.7222222222222222], [3.749254162132247, 1.8286243057729297]]], [[[-0.6763546798029557, -0.7222222222222222], [2.848923967363247, 1.1101717834331923]]], [[[-0.7320197044334975, -0.7222222222222222], [2.315513768378, 1.1101717834331923]]], [[[-0.7332512315270936, -0.7222222222222222], [2.315513768378, 1.1203796251468585]]], [[[-0.7532019704433498, -0.75], [2.173586904634844, 0.7801097241244156]]], [[[-0.7539408866995073, -0.75], [2.173586904634844, 0.7801097241244156]]], [[[-0.7625615763546797, -0.75], [1.8428993505820905, 0.7801097241244156]]], [[[-0.7625615763546797, -0.75], [1.8241057849232725, 0.787580744317946]]], [[[-0.7625615763546797, -0.75], [1.8241057849232725, 1.1203796251468585]]], [[[-0.7625615763546797, -0.75], [1.8241057849232725, 1.1203796251468585]]], [[[-0.767487684729064, -0.7222222222222222], [1.6409296303243246, 1.1203796251468585]]], [[[-0.7679802955665025, -0.75], [1.2006077865158358, 0.7801097241244156]]], [[[-0.7679802955665025, -0.75], [1.2006077865158358, 0.7801097241244156]]]]}, "median LB": {"dims": ["iter", "optimizer", "function", "objective"], "attrs": {}, "data": [[[[-0.6064039408866995, -0.7777777777777778], [4.60081578805741, 0.7223766820230086]]], [[[-0.6763546798029557, -0.7777777777777778], [2.315513768378, 0.7223766820230086]]], [[[-0.6901477832512316, -0.7777777777777778], [2.173586904634844, 0.9022543928464309]]], [[[-0.7332512315270936, -0.7777777777777778], [1.8241057849232725, 0.6381995686271325]]], [[[-0.7532019704433498, -0.8611111111111112], [1.3987870561755815, 0.6373015191738508]]], [[[-0.7539408866995073, -0.8611111111111112], [1.196148244098918, 0.6373015191738508]]], [[[-0.7815270935960592, -0.8611111111111112], [1.196148244098918, 0.5916354779814641]]], [[[-0.7950738916256157, -0.8611111111111112], [1.196148244098918, 0.5916354779814641]]], [[[-0.7950738916256157, -0.8611111111111112], [1.196148244098918, 0.6336397601517825]]], [[[-0.7950738916256157, -0.8611111111111112], [1.196148244098918, 0.6336397601517825]]], [[[-0.7950738916256157, -0.8611111111111112], [1.196148244098918, 0.6373015191738508]]], [[[-0.7950738916256157, -0.8611111111111112], [1.196148244098918, 0.7426375597946818]]], [[[-0.7950738916256157, -0.8611111111111112], [1.1098223428732559, 0.6336397601517825]]], [[[-0.7965517241379312, -0.8888888888888888], [0.9963391279967769, 0.5786820347449902]]], [[[-0.7965517241379312, -0.8888888888888888], [0.9963391279967769, 0.5786820347449902]]]]}, "median UB": {"dims": ["iter", "optimizer", "function", "objective"], "attrs": {}, "data": [[[[-0.3935960591133004, -0.3888888888888889], [15.840614399204858, 20.024251882842922]]], [[[-0.4778325123152709, -0.4444444444444444], [9.657948730451414, 6.350867829243362]]], [[[-0.5226600985221674, -0.5], [9.568362651668151, 5.214341521937256]]], [[[-0.6344827586206897, -0.6111111111111112], [4.742703167180262, 2.2772734824091034]]], [[[-0.6620689655172414, -0.5277777777777778], [4.219095923978149, 2.68278816177994]]], [[[-0.6692118226600986, -0.6111111111111112], [4.102000658660721, 3.503602817221087]]], [[[-0.6844827586206896, -0.6666666666666666], [3.3770456615833453, 2.3275869425471636]]], [[[-0.6977832512315271, -0.6111111111111112], [3.246917199261683, 2.3275869425471636]]], [[[-0.7189655172413794, -0.6111111111111112], [2.848923967363247, 1.9876699818391173]]], [[[-0.7189655172413794, -0.6111111111111112], [2.848923967363247, 2.3275869425471636]]], [[[-0.7189655172413794, -0.6111111111111112], [2.848923967363247, 2.35888295086984]]], [[[-0.7189655172413794, -0.6111111111111112], [2.848923967363247, 2.3275869425471636]]], [[[-0.7394088669950739, -0.6111111111111112], [2.701652900344105, 2.3275869425471636]]], [[[-0.7467980295566502, -0.6111111111111112], [1.8875809570800015, 2.3275869425471636]]], [[[-0.7467980295566502, -0.6111111111111112], [1.8875809570800015, 2.3275869425471636]]]]}, "median normed": {"dims": ["iter", "optimizer", "function", "objective"], "attrs": {}, "data": [[[[0.8535773710486189, 0.6666666666674067], [0.7363464270863352, 0.15702413882592475]]], [[[0.8694292415954565, 1.0], [0.4687833174661629, 0.3471984073686477]]], [[[0.7935368043096329, 1.3333333333311133], [0.5713036390874437, 1.311364465047952]]], [[[0.9058201058205553, 1.5999999999952044], [0.5130673497603527, 1.317634055918021]]], [[[0.7334109429583259, 1.5999999999952044], [0.448647931222897, 1.717859061423321]]], [[[0.7773631840808507, 1.5999999999952044], [0.5069522208164201, 2.150969499306943]]], [[[0.7074122236688148, 1.399999999996803], [0.6066091301853457, 1.4024605203802973]]], [[[0.7242302543524013, 1.399999999996803], [0.8025893107042025, 1.4619873429504362]]], [[[0.7047353760464224, 1.7499999999925069], [0.6656835350525597, 1.5058186171407446]]], [[[0.7354651162808032, 1.7499999999925069], [0.9215541336212913, 1.627472698734147]]], [[[0.7725190839710322, 1.7499999999925069], [1.1729060217161362, 2.80961356414061]]], [[[0.8161290322594021, 2.3333333333155717], [1.2786613843325587, 3.1251821265989808]]], [[[0.8966789667905277, 3.999999999940046], [1.3808816639024786, 3.387904173851935]]], [[[0.8929889298901892, 3.499999999950038], [0.8269186232451616, 1.9971942473986632]]], [[[0.8979591836743224, 3.499999999950038], [0.8505553899703141, 2.4868547977140207]]]]}, "mean": {"dims": ["iter", "optimizer", "function", "objective"], "attrs": {},