{"meta": {"args": {"-db-root": "/home/ryedida/smoothness-hpo/bbo_challenge_starter_kit/output", "--opt-root": "/home/ryedida/smoothness-hpo/bbo_challenge_starter_kit", "--db": "run_20241104_045201", "--jobs-file": null, "--verbose": true, "dry_run": false, "rev": "a376313", "opt_rev": null}, "signature": {"MLP-adam_digits_acc": [-0.21448083448752353, -0.12265195531935226, -0.35350345595369437, -0.9461117475892584, -0.93287184906316], "MLP-adam_digits_nll": [4.790589460405072, 9.870763182938036, 5.938115355738149, 0.19205446370549392, 0.25642360829679495]}},
"data": {"coords": {"iter": {"dims": ["iter"], "attrs": {}, "data": [0, 1, 2, 3, 4, 5, 6, 7, 8, 9, 10, 11, 12, 13, 14]}, "optimizer": {"dims": ["optimizer"], "attrs": {}, "data": ["dehb_0.0.8_a376313"]}, "function": {"dims": ["function"], "attrs": {}, "data": ["MLP-adam_digits_acc", "MLP-adam_digits_nll"]}, "objective": {"dims": ["objective"], "attrs": {}, "data": ["_visible_to_opt", "generalization"]}}, "attrs": {}, "dims": {"iter": 15, "optimizer": 1, "function": 2, "objective": 2}, "data_vars": {"median": {"dims": ["iter", "optimizer", "function", "objective"], "attrs": {}, "data": [[[[-0.9471254355400698, -0.9611111111111111], [0.196426880324712, 0.15615472010776077]]], [[[-0.9582486449864499, -0.9611111111111111], [0.16664993771155243, 0.14507774121817654]]], [[[-0.9603537553232675, -0.9638888888888889], [0.16094202612777542, 0.14461130065211272]]], [[[-0.9638090398761131, -0.9694444444444444], [0.14352352827266118, 0.1427739304125904]]], [[[-0.9638090398761131, -0.9694444444444444], [0.12422326843211288, 0.12694589420985905]]], [[[-0.964522841656988, -0.9694444444444444], [0.12119465756727492, 0.12398307645758047]]], [[[-0.965197928765002, -0.9722222222222222], [0.12119465756727492, 0.12164077232526498]]], [[[-0.9673030391018196, -0.9722222222222222], [0.12060353204078655, 0.11209290571619768]]], [[[-0.9673030391018196, -0.9722222222222222], [0.11792174454441644, 0.10902813094888517]]], [[[-0.9700880758807588, -0.9722222222222222], [0.11792174454441644, 0.10902813094888517]]], [[[-0.9700880758807588, -0.9722222222222222], [0.11589818066303252, 0.10797005114376355]]], [[[-0.9707752613240419, -0.9722222222222222], [0.11336879540218563, 0.10417865906891285]]], [[[-0.9714672861014325, -0.9694444444444444], [0.10820733190159422, 0.10417865906891285]]], [[[-0.9714672861014325, -0.9694444444444444], [0.10791205027366717, 0.10344281791088253]]], [[[-0.9714672861014325, -0.9694444444444444], [0.10791205027366717, 0.10417865906891285]]]]}, "median LB": {"dims": ["iter", "optimizer", "function", "objective"], "attrs": {}, "data": [[[[-0.9589455090979481, -0.9638888888888889], [0.16383496485518062, 0.1372936912110081]]], [[[-0.9610336817653892, -0.9666666666666667], [0.14562298806523127, 0.1306117137739088]]], [[[-0.9645010646535036, -0.9694444444444444], [0.14352352827266118, 0.13351748699080962]]], [[[-0.965911730545877, -0.9722222222222222], [0.12094816938579164, 0.12398307645758047]]], [[[-0.965911730545877, -0.9722222222222222], [0.11943820671436378, 0.10902813094888517]]], [[[-0.9686822493224932, -0.9722222222222222], [0.11765483755535537, 0.10902813094888517]]], [[[-0.9693887921022067, -0.9722222222222222], [0.11765483755535537, 0.10902813094888517]]], [[[-0.9707704219899342, -0.9722222222222222], [0.11336879540218563, 0.10344281791088253]]], [[[-0.9707752613240419, -0.9722222222222222], [0.10187152541607594, 0.09616762676411734]]], [[[-0.9714745451025939, -0.975], [0.10187152541607594, 0.09616762676411734]]], [[[-0.9714745451025939, -0.975], [0.10187152541607594, 0.0943882744544031]]], [[[-0.9714769647696478, -0.975], [0.10187152541607594, 0.0943882744544031]]], [[[-0.9721689895470383, -0.975], [0.10187152541607594, 0.09616762676411734]]], [[[-0.9721689895470383, -0.975], [0.09765143406647485, 0.0943882744544031]]], [[[-0.9721689895470383, -0.975], [0.09556027599373762, 0.0943882744544031]]]]}, "median UB": {"dims": ["iter", "optimizer", "function", "objective"], "attrs": {}, "data": [[[[-0.9366748935346495, -0.9444444444444444], [0.48054037907582503, 0.37173308146378853]]], [[[-0.9464213124274099, -0.9472222222222222], [0.18994659389717877, 0.19086815732910828]]], [[[-0.9554490902051878, -0.95], [0.18729299835772045, 0.1618130313908712]]], [[[-0.9589551877661634, -0.9638888888888889], [0.16664993771155243, 0.1618130313908712]]], [[[-0.9589551877661634, -0.9611111111111111], [0.14352352827266118, 0.1427739304125904]]], [[[-0.9603271389856756, -0.9638888888888889], [0.1423554656391067, 0.13597228910181783]]], [[[-0.9617281262098334, -0.9694444444444444], [0.13040845130496828, 0.13351748699080962]]], [[[-0.9638211382113819, -0.9694444444444444], [0.13040845130496828, 0.13133547460752834]]], [[[-0.9638235578784361, -0.9694444444444444], [0.12119465756727492, 0.12398307645758047]]], [[[-0.965197928765002, -0.9694444444444444], [0.12119465756727492, 0.12398307645758047]]], [[[-0.9652148664343787, -0.9694444444444444], [0.12060353204078655, 0.12027436872722881]]], [[[-0.9673030391018196, -0.9694444444444444], [0.12016547357622784, 0.11209290571619768]]], [[[-0.9693839527680991, -0.9666666666666667], [0.11943820671436378, 0.11209290571619768]]], [[[-0.9707752613240418, -0.9666666666666667], [0.11792174454441644, 0.1096071158129407]]], [[[-0.9707752613240418, -0.9666666666666667], [0.11792174454441644, 0.11209290571619768]]]]}, "median normed": {"dims": ["iter", "optimizer", "function", "objective"], "attrs": {}, "data": [[[[0.43133950891321476, 0.33333333334443443], [0.3373572785166933, 0.3525379016946501]]], [[[0.4694314120532482, 0.6666666666777666], [0.5343511079059629, 0.506124710228222]]], [[[0.5163694309827448, 0.7000000000119904], [0.6900807538783369, 0.7148677238615669]]], [[[0.4230630359223662, 0.625000000018735], [0.6436849962928775, 0.7764346213042062]]], [[[0.4838795445614441, 0.7142857143020278], [0.4129679024509644, 0.616841269139867]]], [[[0.4828264505955799, 0.7142857143020278], [0.3697589685865789, 0.7278163076206978]]], [[[0.46229438224247255, 0.5714285714530416], [0.406470338416187, 0.7020361746413092]]], [[[0.3520264699294958, 0.6666666666888711], [0.4634260616837347, 0.5906296922128316]]], [[[0.3656989665886322, 0.6666666666888711], [0.40288297090480635, 0.5607178162210993]]], [[[0.2130552556376833, 0.6666666666888711], [0.4303137690945, 0.5700624795536301]]], [[[0.21332796596729367, 0.8000000000159873], [0.4201666378575007, 0.661869536104486]]], [[[0.1621445119023139, 0.8000000000159873], [0.4084440312487909, 0.6399210389269531]]], [[[0.11013364591831182, 1.0], [0.2645187428599211, 0.758369073177938]]], [[[0.11013364591831182, 1.0], [0.25343777096255404, 0.7367100706573826]]], [[[0.12245220887986409, 1.24999999997502], [0.26380609276241795, 0.9490656045072265]]]]}, "mean": {"dims": ["iter", "optimizer", "function", "objective"], "attrs": {},