{"meta": {"args": {"-db-root": "/home/ryedida/smoothness-hpo/bbo_challenge_starter_kit/output", "--opt-root": "/home/ryedida/smoothness-hpo/bbo_challenge_starter_kit", "--db": "run_20241104_042314", "--jobs-file": null, "--verbose": true, "dry_run": false, "rev": "a376313", "opt_rev": null}, "signature": {"MLP-adam_breast_acc": [-0.7417582417582418, -0.49230769230769234, -0.6054945054945055, -0.8307692307692307, -0.8516483516483516], "MLP-adam_breast_nll": [6.345229683288611, 17.357400076133896, 10.536366840893937, 2.9722225867775642, 3.279578721770736]}},
"data": {"coords": {"iter": {"dims": ["iter"], "attrs": {}, "data": [0, 1, 2, 3, 4, 5, 6, 7, 8, 9, 10, 11, 12, 13, 14]}, "optimizer": {"dims": ["optimizer"], "attrs": {}, "data": ["dehb_0.0.8_a376313"]}, "function": {"dims": ["function"], "attrs": {}, "data": ["MLP-adam_breast_acc", "MLP-adam_breast_nll"]}, "objective": {"dims": ["objective"], "attrs": {}, "data": ["_visible_to_opt", "generalization"]}}, "attrs": {}, "dims": {"iter": 15, "optimizer": 1, "function": 2, "objective": 2}, "data_vars": {"median": {"dims": ["iter", "optimizer", "function", "objective"], "attrs": {}, "data": [[[[-0.8945054945054945, -0.8859649122807017], [0.862835401049766, 0.48916504182722265]]], [[[-0.9032967032967033, -0.9035087719298246], [0.5277970310661382, 0.5209044875700549]]], [[[-0.9054945054945056, -0.8859649122807017], [0.5131670678666477, 0.5209044875700549]]], [[[-0.9120879120879121, -0.8859649122807017], [0.45891301243209703, 0.4269433879433389]]], [[[-0.9120879120879121, -0.8947368421052632], [0.45501125880926657, 0.4251139170531409]]], [[[-0.9120879120879121, -0.9035087719298246], [0.427521915488492, 0.4251139170531409]]], [[[-0.9120879120879121, -0.8947368421052632], [0.3580699421735112, 0.41265579045278283]]], [[[-0.9142857142857143, -0.8947368421052632], [0.3580699421735112, 0.4251139170531409]]], [[[-0.9142857142857143, -0.9035087719298246], [0.32298511262832286, 0.4050047355781615]]], [[[-0.9142857142857143, -0.9035087719298246], [0.32298511262832286, 0.35262940808496]]], [[[-0.9142857142857143, -0.9035087719298246], [0.32298511262832286, 0.4050047355781615]]], [[[-0.9142857142857143, -0.9035087719298246], [0.32298511262832286, 0.35262940808496]]], [[[-0.9142857142857143, -0.9035087719298246], [0.32298511262832286, 0.3245587423218614]]], [[[-0.9142857142857143, -0.9035087719298246], [0.30136551326032585, 0.37768149106653415]]], [[[-0.9142857142857144, -0.9035087719298246], [0.29535410922636074, 0.3558533241079177]]]]}, "median LB": {"dims": ["iter", "optimizer", "function", "objective"], "attrs": {}, "data": [[[[-0.9032967032967033, -0.9035087719298246], [0.5277970310661382, 0.4251139170531409]]], [[[-0.9054945054945056, -0.9298245614035088], [0.48911118171122636, 0.42821558384786995]]], [[[-0.9120879120879121, -0.9210526315789473], [0.427521915488492, 0.4251139170531409]]], [[[-0.9120879120879122, -0.9122807017543859], [0.41620525690347615, 0.39164935493340036]]], [[[-0.9120879120879122, -0.9122807017543859], [0.3964187299959046, 0.31178752868358434]]], [[[-0.9142857142857144, -0.9210526315789473], [0.3580699421735112, 0.3245587423218614]]], [[[-0.9142857142857144, -0.9122807017543859], [0.30136551326032585, 0.3112830475801928]]], [[[-0.9142857142857144, -0.9122807017543859], [0.30136551326032585, 0.3245587423218614]]], [[[-0.9142857142857144, -0.9122807017543859], [0.29368458540541564, 0.3112830475801928]]], [[[-0.9142857142857144, -0.9122807017543859], [0.28995396142510954, 0.3112830475801928]]], [[[-0.9164835164835164, -0.9122807017543859], [0.28995396142510954, 0.28912458531292434]]], [[[-0.9164835164835164, -0.9122807017543859], [0.28995396142510954, 0.28263082788742916]]], [[[-0.9164835164835164, -0.9122807017543859], [0.28995396142510954, 0.28263082788742916]]], [[[-0.9164835164835164, -0.9122807017543859], [0.2788831831180202, 0.28263082788742916]]], [[[-0.9164835164835164, -0.9122807017543859], [0.278195076244857, 0.28263082788742916]]]]}, "median UB": {"dims": ["iter", "optimizer", "function", "objective"], "attrs": {}, "data": [[[[-0.7406593406593407, -0.8596491228070176], [5.709290291572392, 0.8710625193395766]]], [[[-0.9010989010989011, -0.8771929824561403], [0.7995307921292418, 0.8710625193395766]]], [[[-0.9010989010989011, -0.8771929824561403], [0.6591650260697627, 0.6967660800309607]]], [[[-0.9054945054945055, -0.868421052631579], [0.581639163622703, 0.6244686832552293]]], [[[-0.9076923076923077, -0.8771929824561403], [0.5643844236589877, 0.6788950180642523]]], [[[-0.9076923076923077, -0.8771929824561403], [0.5431598771219058, 0.6788950180642523]]], [[[-0.9076923076923077, -0.8771929824561403], [0.45501125880926657, 0.6244686832552293]]], [[[-0.9076923076923077, -0.8771929824561403], [0.45501125880926657, 0.6244686832552293]]], [[[-0.9076923076923077, -0.8771929824561403], [0.427521915488492, 0.5219785328037418]]], [[[-0.9076923076923077, -0.8771929824561403], [0.427521915488492, 0.5099453702589181]]], [[[-0.9076923076923077, -0.8771929824561403], [0.4197845631619428, 0.5219785328037418]]], [[[-0.9076923076923077, -0.8771929824561403], [0.405639346647266, 0.4269433879433389]]], [[[-0.9098901098901099, -0.8859649122807017], [0.39446939005053455, 0.4269433879433389]]], [[[-0.9098901098901099, -0.8947368421052632], [0.39446939005053455, 0.4269433879433389]]], [[[-0.9098901098901099, -0.8947368421052632], [0.3599806478518467, 0.5099453702589181]]]]}, "median normed": {"dims": ["iter", "optimizer", "function", "objective"], "attrs": {}, "data": [[[[0.4000000000086589, 0.888888888890451], [0.2005725973162295, 0.46761581172590944]]], [[[0.9090909090950843, 0.8571428571454396], [0.3792203949316383, 0.9485322298703257]]], [[[0.9999999999999943, 1.3333333333263033], [0.5144055651384898, 1.3026720953981492]]], [[[0.7500000000157876, 1.5999999999848111], [0.49653398097540236, 1.2123653103393481]]], [[[0.8571428571531674, 1.3999999999898731], [0.6386188141217279, 1.4459928168872707]]], [[[0.8571428571531674, 1.4999999999841778], [0.5513596317287831, 1.6706541052557708]]], [[[0.8571428571531735, 1.749999999976268], [0.28937833446251987, 2.060120528977096]]], [[[1.0, 1.749999999976268], [0.310485582669912, 2.2597556420238774]]], [[[1.0, 1.9999999999578115], [0.15166209507129, 2.06660617322145]]], [[[1.0, 1.9999999999578115], [0.15225757759144157, 1.5925940242404655]]], [[[1.0, 1.9999999999578115], [0.15308527369638006, 2.506766223547039]]], [[[1.0, 1.9999999999578115], [0.1914037301973328, 2.3021030332938177]]], [[[1.2499999999684248, 1.9999999999578115], [0.2024128819568293, 1.905723837403936]]], [[[1.2499999999684248, 1.9999999999578115], [0.07056878123265926, 2.6661975805730167]]], [[[1.2499999999684122, 1.9999999999578115], [0.04875250978714367, 2.469217462504459]]]]}, "mean": {"dims": ["iter", "optimizer", "function", "objective"], "attrs": {},